id,zona,courier,sucursal,direccion,tarifa_uno_hasta_7lb,verificacion,observaciones,activo,telefono,fuente_url,tipo_punto
1,Bocas del Toro,Servientrega,Isla Colón,"Av. Bocas Island Express, Calle 1ra, Edificio Delfín",,pendiente,Fuente de Servientrega indica ubicación junto a Ferretería SerteBocas; revisar dirección,0,760-8459,https://servientregamarket.com/cobertura-3/,agente
2,Bocas del Toro,Servientrega,Changuinola,"Finca 8, junto a Universidad UDI, antiguas oficinas PRD",,coincidencia_publica,,0,6231-1466,https://servientregamarket.com/cobertura-3/,sucursal
3,Bocas del Toro,UNO Express,Changuinola,"Av. Omar Torrijos, Plaza Changuinola, junto a IFARHU",8.5,pendiente,,0,6781-4622,https://unoexpresspanama.com/nuestras-sucursales/,sucursal
4,Bocas del Toro,UNO Express,Almirante,"Vía principal, al lado de Farmacia San Vicente",8.5,pendiente,Dirección incompleta,0,6781-4626,https://unoexpresspanama.com/nuestras-sucursales/,sucursal
5,Chepo,Servientrega,Chepo Cabecera (Compucel),"Urb. Santa Isabel, calle vía crematorio, casa 92, frente al hospital de Chepo",,coincidencia_publica,,0,6222-3298,https://servientregamarket.com/cobertura-3/,agente
6,Chepo,UNO Express,Chepo,"Plaza Las Margaritas, local 16",8,pendiente,,0,,,sucursal
7,Chiriquí,Fletes Chavale,David Calle 5ta,"Avenida Quinta, junto a Universidad Latina",,coincidencia_publica,,0,775-9442 / 775-9443 / 775-9445 / 775-9446,https://www.chavale.com/oficinasoriginal/,sucursal
8,Chiriquí,Fletes Chavale,David Calle 3ra,"Avenida Tercera, junto a Todo a Dólar y Caja de Ahorros",,coincidencia_publica,,0,775-7966 / 775-8192,https://www.chavale.com/oficinasoriginal/,sucursal
9,Chiriquí,Fletes Chavale,Boquete,"Calle 3 Norte, Bajo Boquete, frente al Aparta-Hotel Los Pinos",,direccion_directorio,Diferente de Av. A Este junto a Súper Romero suministrada inicialmente,0,720-1962,https://www.chavale.com/oficinasoriginal/,sucursal
10,Chiriquí,Fletes Chavale,Bugaba,"Calle de CACSA, junto a Electrónica Chiriquí",,direccion_directorio,,0,770-5624,https://www.chavale.com/oficinasoriginal/,sucursal
11,Chiriquí,Fletes Chavale,Volcán,"Vía Cerro Punta, 100 metros después de Alcaldía",,direccion_directorio,"Anterior: Ruta 13, diagonal a Empresas Fink",0,771-5909,https://www.chavale.com/oficinasoriginal/,sucursal
12,Chiriquí,Servientrega,David Centro,"Urbanización David Centro, Calle 4, frente al área de gasolinera 3 de Noviembre",,coincidencia_publica,,0,,,sucursal
13,Chiriquí,UNO Express,David,"Av. 4a Este, frente al antiguo Hospital Obaldía",6.5,coincidencia_publica,,0,,,sucursal
14,Chiriquí,UNO Express,Boquete,"Alto Boquete, frente a Ferretería Dorado",6.5,coincidencia_publica,,0,,,sucursal
15,Chiriquí,UNO Express,Bugaba,"Av. 1a Sur, frente a Rancho Grande",6.5,coincidencia_publica,,0,,,sucursal
16,Chiriquí,UNO Express,Puerto Armuelles,"Av. San José, vía principal hacia Puerto Armuelles",7.5,pendiente,,0,6781-4623,https://unoexpresspanama.com/nuestras-sucursales/,sucursal
17,Chiriquí,UNO Express,Frontera (Paso Canoas),"Av. San José, Frontera",6.5,pendiente,,0,6781-4630,https://unoexpresspanama.com/nuestras-sucursales/,sucursal
18,Bocas del Toro,UNO Express,Chiriquí Grande,"Cruce de Rambala, al lado de estación Terpel",8.5,coincidencia_publica,Se reclasifica de Chiriquí a Bocas del Toro,0,,,sucursal
19,Chiriquí,UNO Express,San Mateo,"David, San Mateo, Nutritecno",6.5,pendiente,,0,,,sucursal
20,Coclé,Servientrega,Penonomé,"Centro Comercial Iguana Mall, local E-15, junto a Súper 99",,coincidencia_publica,,0,6206-9222,https://servientregamarket.com/cobertura-3/,sucursal
21,Coclé,Servientrega,Aguadulce,"Av. Abelardo Herrera, detrás de Global Bank, diagonal a Ines Collection",,coincidencia_publica,,0,6282-2609,https://servientregamarket.com/cobertura-3/,sucursal
22,Coclé,UNO Express,Penonomé,"Vía Interamericana, Centro Comercial Iguana Mall",6.5,direccion_directorio,,0,6781-4527,https://unoexpresspanama.com/nuestras-sucursales/,sucursal
23,Coclé,UNO Express,Valle de Antón,"Carretera Las Uvas, cerca del Hotel Don Pepe",7.5,coincidencia_publica,,0,6948-1051,https://unoexpresspanama.com/nuestras-sucursales/,sucursal
24,Coclé,UNO Express,Aguadulce,"Calle Rafael Estévez, frente al antiguo Hospital Marcos Robles",6.5,direccion_directorio,,0,6980-6580,https://unoexpresspanama.com/nuestras-sucursales/,sucursal
25,Coclé,Fletes Chavale,Aguadulce,"Carretera Interamericana, Estación Maracativí",,coincidencia_publica,,0,997-5772,https://www.chavale.com/oficinasoriginal/,sucursal
26,Coclé,Fletes Chavale,Penonomé,"Vía Panamericana, frente al almacén Cheaper, diagonal a Estación Delta, El Encanto",,direccion_directorio,Usuario informó acceso por Hospital Aquilino Tejeira,0,997-1815,https://www.chavale.com/oficinasoriginal/,sucursal
27,Colón,Servientrega,Colón,"Calle 10, entre Av. Roosevelt y Av. Santa Isabel, local 1, frente al Edificio Mónaco",,pendiente,,0,,,sucursal
28,Colón,UNO Express,Colón,"Vía Transístmica, Los Cuatro Altos, al lado de Melo",6.5,coincidencia_publica,,0,6676-3523,https://unoexpresspanama.com/nuestras-sucursales/,sucursal
29,Darién,Servientrega,Darién,"Piedra Candela, Plaza Mi Tierrita, Valeria’s Boutique",,pendiente,,0,,,sucursal
30,Darién,Servientrega,Santa Fe,"Santa Fe, Darién, calle principal, frente al MOP",,pendiente,,0,,,sucursal
31,Herrera,Servientrega,Chitré,"Plaza del Sol, local 1, Calle Julio Arjona",,coincidencia_publica,,0,,https://servientregamarket.com/cobertura-3/,sucursal
32,Herrera,UNO Express,Chitré,"Av. Dr. Belisario Porras, frente a estación Puma, diagonal al Hotel Karla",6.5,coincidencia_publica,,0,6781-4617,https://unoexpresspanama.com/nuestras-sucursales/,sucursal
33,Los Santos,Servientrega,Tonosí,"Calle Justino Acevedo, al lado del Hostal Victoria",,direccion_directorio,,0,6643-2936,https://servientregamarket.com/cobertura-3/,agente
34,Los Santos,Servientrega,Guararé (Agente Verde Malala),"Carretera Nacional, junto a Cooperativa Nuevo Amanecer",,direccion_directorio,Identificado como agente verde de Servientrega,0,6876-3077,https://servientregamarket.com/cobertura-3/,agente
35,Los Santos,UNO Express,Las Tablas,"Calle 3 de Noviembre, detrás del Royal Gin",6.5,coincidencia_publica,,0,6781-4642,https://unoexpresspanama.com/nuestras-sucursales/,sucursal
36,Los Santos,UNO Express,Pedasí,"Vía principal, frente a estación Puma",8.5,coincidencia_publica,,0,,,sucursal
37,Veraguas,Servientrega,Santiago,"Plaza Tío Fabio, local 4, Calle 15A, Av. Central Héctor Santa Coloma",,direccion_directorio,,0,6238-2594,https://servientregamarket.com/cobertura-3/,sucursal
38,Veraguas,UNO Express,Santiago,"Carretera Interamericana, al lado del Hotel Galería",6.5,coincidencia_publica,,0,,,sucursal
39,Veraguas,UNO Express,Soná,"Vía principal, Hotel La Ola, local 2",7.5,direccion_directorio,,0,6787-5914,https://unoexpresspanama.com/nuestras-sucursales/,sucursal
40,Veraguas,Fletes Chavale,Santiago,"Av. Central, frente a Plaza Palermo / Súper Carnes",,coincidencia_publica,,0,998-1913,https://www.chavale.com/oficinasoriginal/,sucursal
41,Panamá Oeste,Servientrega,La Chorrera,"Av. Las Américas, edificio 5E, local 2, frente al MOP",,coincidencia_publica,,0,6300-3046,https://servientregamarket.com/cobertura-3/,sucursal
42,Panamá Oeste,UNO Express,Gorgona,"Vía Interamericana, Gorgona Beach Plaza",6.5,direccion_directorio,,0,6781-4280,https://unoexpresspanama.com/nuestras-sucursales/,sucursal
43,Panamá Oeste,UNO Express,La Chorrera,"Av. Las Américas, diagonal a Plaza Italia",6.5,coincidencia_publica,,0,6781-4463,https://unoexpresspanama.com/nuestras-sucursales/,sucursal
44,Panamá Oeste,UNO Express,Vista Alegre,"Vista Alegre, Plaza Fénix",6.5,direccion_directorio,,0,6678-8279,https://unoexpresspanama.com/nuestras-sucursales/,sucursal
45,Panamá Oeste,UNO Express,Paseo Arraiján,"Plaza Paseo Arraiján, local 6",6.5,direccion_directorio,,0,6781-4625,https://unoexpresspanama.com/nuestras-sucursales/,sucursal
46,Panamá,Servientrega,Sede Principal (Parque Lefevre),"Vía José Agustín Arango, Parque Lefevre",,directorio_publicado_reconfirmar,Encontrado en directorio público; verificar operación antes de activar,0,6205-5821,https://servientregamarket.com/cobertura-3/,sucursal
47,Panamá Oeste,Servientrega,Arraiján (CDS),"Carretera Panamericana, Plaza Vista Alegre, local 3",,directorio_publicado_reconfirmar,Encontrado en directorio público; verificar operación antes de activar,0,6282-1920,https://servientregamarket.com/cobertura-3/,sucursal
48,Chiriquí,Servientrega,David Interamericana (CDS),"El Rocío, Vía Interamericana, frente a Cemex",,directorio_publicado_reconfirmar,Encontrado en directorio público; verificar operación antes de activar,0,6206-9219,https://servientregamarket.com/cobertura-3/,sucursal
49,Los Santos,Servientrega,Las Tablas (CDS),"Calle Joaquín Pablo Franco, frente a La Paulina Café",,directorio_publicado_reconfirmar,Encontrado en directorio público; verificar operación antes de activar,0,6904-8468,https://servientregamarket.com/cobertura-3/,sucursal
50,Panamá,Servientrega,Los Andes Mall (CDS),"San Miguelito, Los Andes Mall, sótano 1, local 114, salida 8",,directorio_publicado_reconfirmar,Encontrado en directorio público; verificar operación antes de activar,0,6282-1785,https://servientregamarket.com/cobertura-3/,sucursal
51,Panamá,Servientrega,Las Mañanitas (CDS),"Plaza Los Pinos, local 5, junto a Lotería Nacional",,directorio_publicado_reconfirmar,Encontrado en directorio público; verificar operación antes de activar,0,6203-4204,https://servientregamarket.com/cobertura-3/,sucursal
52,Panamá,Servientrega,Paitilla (CDS),"Vía Italia, Edificio Posada del Rey, junto al consulado de Colombia",,directorio_publicado_reconfirmar,Encontrado en directorio público; verificar operación antes de activar,0,6230-1425,https://servientregamarket.com/cobertura-3/,sucursal
53,Panamá,Servientrega,Plaza Aventura - El Dorado (CDS),"Plaza Aventura, El Dorado, frente a Auto BAC",,directorio_publicado_reconfirmar,Encontrado en directorio público; verificar operación antes de activar,0,6206-9207,https://servientregamarket.com/cobertura-3/,sucursal
54,Panamá,Servientrega,Plaza Concordia - Vía España (CDS),"Vía España, Plaza Concordia, local 126",,directorio_publicado_reconfirmar,Encontrado en directorio público; verificar operación antes de activar,0,6252-7762,https://servientregamarket.com/cobertura-3/,sucursal
55,Chepo,Servientrega,Tortí (Agente Perugraff),"Plaza del Xtra, local 7, vía Panamericana, Tortí de Chepo",,directorio_publicado_reconfirmar,Encontrado en directorio público; verificar operación antes de activar,0,6979-7445,https://servientregamarket.com/cobertura-3/,agente
56,Chiriquí,Servientrega,San Félix (Agente El Caporal),"Cruce de San Félix, Vía Interamericana, junto al Centro Oriente",,directorio_publicado_reconfirmar,Encontrado en directorio público; verificar operación antes de activar,0,6465-6066,https://servientregamarket.com/cobertura-3/,agente
57,Chiriquí,Servientrega,Concepción Bugaba (Agente Shop Express),"Calle Primera Este, detrás de Supermercado Romero, La Concepción",,directorio_publicado_reconfirmar,Encontrado en directorio público; verificar operación antes de activar,0,788-3060,https://servientregamarket.com/cobertura-3/,agente
58,Chiriquí,Servientrega,Puerto Armuelles (Agente Rapid Services Barú 1),"Barrio Nacional, entrada del Hospital Dionicio Arrocha",,directorio_publicado_reconfirmar,Encontrado en directorio público; verificar operación antes de activar,0,6585-2214,https://servientregamarket.com/cobertura-3/,agente
59,Bocas del Toro,Servientrega,Chiriquí Grande (Agente Zamarci),"Frente al MIDA, Chiriquí Grande",,directorio_publicado_reconfirmar,Encontrado en directorio público; verificar operación antes de activar,0,6285-0553,https://servientregamarket.com/cobertura-3/,agente
60,Chiriquí,Servientrega,Río Sereno (Agente Farmacia Don Andrés),"Calle principal, frente a Escuela Bilingüe Río Sereno",,directorio_publicado_reconfirmar,Encontrado en directorio público; verificar operación antes de activar,0,6698-8027,https://servientregamarket.com/cobertura-3/,agente
61,Chiriquí,Servientrega,Volcán (Agente Alfa Cell),"Calle principal, junto a Súper Romero",,directorio_publicado_reconfirmar,Encontrado en directorio público; verificar operación antes de activar,0,6557-9415,https://servientregamarket.com/cobertura-3/,agente
62,Chiriquí,Servientrega,Paso Canoas (Agente El Corral),"Vía principal, al lado de Lumicentro",,directorio_publicado_reconfirmar,Encontrado en directorio público; verificar operación antes de activar,0,720-8119,https://servientregamarket.com/cobertura-3/,agente
63,Bocas del Toro,Servientrega,Almirante (Agente Soluciones y Más),"Av. Olmedo Solé, al lado de Rukel S.A.",,directorio_publicado_reconfirmar,Encontrado en directorio público; verificar operación antes de activar,0,6500-3365,https://servientregamarket.com/cobertura-3/,agente
64,Colón,Servientrega,Cristóbal Este (Agente Service Freight Jare),"Entrada vía de Los Lagos, antes del Hospital Manuel Amador Guerrero",,directorio_publicado_reconfirmar,Encontrado en directorio público; verificar operación antes de activar,0,6299-6136,https://servientregamarket.com/cobertura-3/,agente
65,Colón,Servientrega,San Juan El 20 (Agente Curiosidades Thamara),"Entrada de El 20, San Juan, diagonal a Superpisos",,directorio_publicado_reconfirmar,Encontrado en directorio público; verificar operación antes de activar,0,6390-7939,https://servientregamarket.com/cobertura-3/,agente
66,Chiriquí,Servientrega,Tolé (Agente Monchis Compras),"Tolé Centro, diagonal al Juzgado",,directorio_publicado_reconfirmar,Encontrado en directorio público; verificar operación antes de activar,0,6212-5251,https://servientregamarket.com/cobertura-3/,agente
67,Panamá Oeste,Servientrega,Coronado (Agente Kabak),"Mall The Village Coronado, local 55, frente a El Machetazo",,directorio_publicado_reconfirmar,Encontrado en directorio público; verificar operación antes de activar,0,6636-7979,https://servientregamarket.com/cobertura-3/,agente
68,Panamá Oeste,Servientrega,Arraiján (Agente PtyBuy Express),"Plaza Vista Alegre, local 6, junto a Cochez",,directorio_publicado_reconfirmar,Encontrado en directorio público; verificar operación antes de activar,0,6780-9187,https://servientregamarket.com/cobertura-3/,agente
69,Panamá Oeste,Servientrega,La Chorrera (Agente Western Union Guadalupe),"Altos de San Francisco, frente al McDonald’s de Plaza La Mitra",,directorio_publicado_reconfirmar,Encontrado en directorio público; verificar operación antes de activar,0,6133-4883,https://servientregamarket.com/cobertura-3/,agente
70,Panamá,Servientrega,Vía Argentina (Agente Mr. Mail),"Edificio Tang, planta baja, frente a estación Puma",,directorio_publicado_reconfirmar,Encontrado en directorio público; verificar operación antes de activar,0,6672-6745,https://servientregamarket.com/cobertura-3/,agente
71,Panamá,Servientrega,Hato Pintado (Agente Cargo Box Express),"Doce Sport Center, local 2, Avenida 12 de Octubre",,directorio_publicado_reconfirmar,Encontrado en directorio público; verificar operación antes de activar,0,6776-8244,https://servientregamarket.com/cobertura-3/,agente
72,Panamá,Servientrega,Oceania (Agente JECE Soluciones),"Oceania Business Plaza, torre 1000, piso 49",,directorio_publicado_reconfirmar,Encontrado en directorio público; verificar operación antes de activar,0,308-6977,https://servientregamarket.com/cobertura-3/,agente
73,Chiriquí,Servientrega,Paso Canoas (Agente E-Box Express),"Entrada de los bomberos, Edificio Doña Fela, local 2",,directorio_publicado_reconfirmar,Encontrado en directorio público; verificar operación antes de activar,0,6924-9023,https://servientregamarket.com/cobertura-3/,agente
74,Panamá,Servientrega,Don Bosco (Agente Shop Box DB),"Plaza Tocumen, planta baja",,directorio_publicado_reconfirmar,Encontrado en directorio público; verificar operación antes de activar,0,6500-7378,https://servientregamarket.com/cobertura-3/,agente
75,Panamá,Fletes Chavale,Transístmica,"Vía Transístmica, frente a Plaza Ágora, junto a Thermo-King",,directorio_publicado_reconfirmar,Encontrado en directorio público; verificar operación antes de activar,0,261-7016,https://www.chavale.com/oficinasoriginal/,sucursal
76,Panamá,Fletes Chavale,San Francisco,"P.H. Torre Coco Mar, avenida 5 Sur",,directorio_publicado_reconfirmar,Encontrado en directorio público; verificar operación antes de activar,0,226-7510,https://www.chavale.com/oficinasoriginal/,sucursal
77,Panamá Oeste,Fletes Chavale,La Chorrera,"Frente al Parque Libertador, junto a ASEP",,directorio_publicado_reconfirmar,Encontrado en directorio público; verificar operación antes de activar,0,255-8896,https://www.chavale.com/oficinasoriginal/,sucursal
78,Panamá,UNO Express,Vía Brasil,Diagonal a la Casa del Teléfono,6.5,directorio_publicado_reconfirmar,Encontrado en directorio público; verificar operación antes de activar,0,6781-4532,https://unoexpresspanama.com/nuestras-sucursales/,sucursal
79,Panamá,UNO Express,Obarrio,"Galerías España, diagonal a Bingo 90",6.5,directorio_publicado_reconfirmar,Encontrado en directorio público; verificar operación antes de activar,0,6781-4528,https://unoexpresspanama.com/nuestras-sucursales/,sucursal
80,Panamá,UNO Express,San Francisco,Detrás del Rey de Calle 50,6.5,directorio_publicado_reconfirmar,Encontrado en directorio público; verificar operación antes de activar,0,6981-2473,https://unoexpresspanama.com/nuestras-sucursales/,sucursal
81,Panamá,UNO Express,Vista Hermosa,Frente a Motorel,6.5,directorio_publicado_reconfirmar,Encontrado en directorio público; verificar operación antes de activar,0,6781-9588,https://unoexpresspanama.com/nuestras-sucursales/,sucursal
82,Panamá,UNO Express,Río Abajo,"Plaza Río, detrás de Burger King",6.5,directorio_publicado_reconfirmar,Encontrado en directorio público; verificar operación antes de activar,0,6670-6874,https://unoexpresspanama.com/nuestras-sucursales/,sucursal
83,Panamá,UNO Express,Juan Díaz,"Junto al Parque Juan Díaz, frente a PANABLOCK",6.5,directorio_publicado_reconfirmar,Encontrado en directorio público; verificar operación antes de activar,0,6781-4476,https://unoexpresspanama.com/nuestras-sucursales/,sucursal
84,Panamá,UNO Express,Los Andes,"Centro Comercial Los Andes, junto a Farmacias Arrocha",6.5,directorio_publicado_reconfirmar,Encontrado en directorio público; verificar operación antes de activar,0,6983-1202,https://unoexpresspanama.com/nuestras-sucursales/,sucursal
85,Panamá,UNO Express,Tumba Muerto / Condado del Rey,"Condado del Rey Business Center, junto a Xtra",6.5,directorio_publicado_reconfirmar,Encontrado en directorio público; verificar operación antes de activar,0,6675-7353,https://unoexpresspanama.com/nuestras-sucursales/,sucursal
86,Panamá,UNO Express,24 de Diciembre,"Centro Comercial La Doña, junto a July Sport Center",6.5,directorio_publicado_reconfirmar,Encontrado en directorio público; verificar operación antes de activar,0,6982-4866,https://unoexpresspanama.com/nuestras-sucursales/,sucursal
87,Panamá,UNO Express,Albrook,"Plaza Albrook View, vía SERTRACEN",6.5,directorio_publicado_reconfirmar,Encontrado en directorio público; verificar operación antes de activar,0,6949-1460,https://unoexpresspanama.com/nuestras-sucursales/,sucursal
88,Panamá,UNO Express,Costa del Este,"Start Plaza, junto a Riba Smith",6.5,directorio_publicado_reconfirmar,Encontrado en directorio público; verificar operación antes de activar,0,6781-4457,https://unoexpresspanama.com/nuestras-sucursales/,sucursal
89,Panamá,UNO Express,Brisas del Golf,"Golf Park Plaza, junto a PriceSmart",6.5,directorio_publicado_reconfirmar,Encontrado en directorio público; verificar operación antes de activar,0,6948-1030,https://unoexpresspanama.com/nuestras-sucursales/,sucursal
90,Panamá,UNO Express,Las Acacias,"Plaza Tocumen, junto a La Estancia, local 4",6.5,directorio_publicado_reconfirmar,Encontrado en directorio público; verificar operación antes de activar,0,6781-4640,https://unoexpresspanama.com/nuestras-sucursales/,sucursal
91,Panamá,UNO Express,Villa Zaita,"Plaza Villa Zaita, local 6",6.5,directorio_publicado_reconfirmar,Encontrado en directorio público; verificar operación antes de activar,0,6781-4459,https://unoexpresspanama.com/nuestras-sucursales/,sucursal
